"File";"Precision";"Recall";"F1"
"TUW-137078-ref1";"70,83";"66,67";"58,00"
"TUW-137078-ref2";"100,00";"80,00";"80,00"
"TUW-137078-ref3";"83,33";"71,43";"71,43"
"TUW-137078-ref4";"100,00";"88,89";"88,89"
"TUW-137078-ref5";"100,00";"85,71";"85,71"
"TUW-137078-ref6";"70,00";"57,14";"52,38"
"TUW-138447-ref2";"83,33";"55,56";"55,56"
"TUW-138447-ref3";"4,00";"9,52";"4,17"
"TUW-138447-ref10";"33,33";"33,33";"30,00"
"TUW-138544-ref1";"100,00";"80,00";"80,00"
"TUW-138544-ref2";"100,00";"88,89";"88,89"
"TUW-138544-ref3";"87,50";"77,78";"77,78"
"TUW-138544-ref4";"100,00";"80,00";"80,00"
"TUW-138544-ref5";"25,00";"20,00";"12,50"
"TUW-138544-ref7";"0,00";"0,00";"0,00"
"TUW-138547-ref2";"90,00";"81,82";"81,82"
"TUW-138547-ref3";"0,00";"0,00";"0,00"
"TUW-138547-ref4";"87,50";"70,00";"70,00"
"TUW-138547-ref5";"87,50";"70,00";"70,00"
"TUW-138547-ref6";"87,50";"70,00";"70,00"
"TUW-138547-ref7";"88,89";"72,73";"72,73"
"TUW-139299-ref1";"60,00";"50,00";"42,86"
"TUW-139299-ref2";"75,00";"50,00";"42,86"
"TUW-139299-ref3";"100,00";"70,00";"70,00"
"TUW-139299-ref4";"77,78";"70,00";"63,64"
"TUW-139299-ref5";"95,24";"83,33";"82,42"
"TUW-139299-ref6";"100,00";"90,00";"90,00"
"TUW-139299-ref7";"100,00";"87,50";"87,50"
"TUW-139299-ref8";"66,67";"50,00";"44,44"
"TUW-139299-ref9";"77,78";"70,00";"63,64"
"TUW-139299-ref10";"62,96";"58,00";"52,07"
"TUW-139299-ref11";"66,67";"33,33";"28,57"
"TUW-139761-ref1";"85,71";"75,00";"75,00"
"TUW-139761-ref2";"87,50";"77,78";"77,78"
"TUW-139761-ref3";"83,33";"71,43";"71,43"
"TUW-139761-ref4";"83,33";"71,43";"71,43"
"TUW-139761-ref5";"62,50";"71,43";"55,56"
"TUW-139761-ref6";"87,50";"77,78";"77,78"
"TUW-139761-ref7";"50,00";"37,50";"33,33"
"TUW-139761-ref8";"28,57";"28,57";"20,00"
"TUW-139761-ref9";"87,50";"77,78";"77,78"
"TUW-139761-ref10";"88,89";"80,00";"80,00"
"TUW-139761-ref11";"87,50";"77,78";"77,78"
"TUW-139761-ref12";"40,00";"28,57";"25,00"
"TUW-139761-ref13";"50,00";"31,25";"29,63"
"TUW-139761-ref14";"77,78";"70,00";"70,00"
"TUW-139761-ref15";"88,89";"80,00";"80,00"
"TUW-139761-ref16";"50,00";"33,33";"33,33"
"TUW-139761-ref17";"80,00";"66,67";"66,67"
"TUW-139761-ref18";"85,71";"75,00";"75,00"
"TUW-139761-ref19";"80,00";"58,33";"61,11"
"TUW-139761-ref20";"76,67";"67,86";"66,67"
"TUW-139761-ref21";"88,89";"80,00";"80,00"
"TUW-139761-ref22";"83,33";"71,43";"71,43"
"TUW-139761-ref23";"71,43";"71,43";"62,50"
"TUW-139761-ref24";"66,67";"57,14";"50,00"
"TUW-139761-ref25";"71,43";"62,50";"62,50"
"TUW-139761-ref26";"88,89";"80,00";"80,00"
"TUW-139761-ref27";"33,33";"20,00";"20,00"
"TUW-139761-ref28";"62,50";"55,56";"50,00"
"TUW-139761-ref29";"83,33";"71,43";"71,43"
"TUW-139761-ref30";"25,00";"14,29";"14,29"
"TUW-139761-ref31";"71,43";"71,43";"62,50"
"TUW-139761-ref32";"85,71";"75,00";"75,00"
"TUW-139761-ref33";"40,00";"25,00";"22,22"
"TUW-139761-ref34";"83,33";"62,50";"62,50"
"TUW-139769-ref1";"100,00";"88,89";"88,89"
"TUW-139769-ref2";"66,67";"40,00";"33,33"
"TUW-139769-ref3";"100,00";"90,00";"90,00"
"TUW-139769-ref4";"100,00";"88,89";"88,89"
"TUW-139769-ref5";"100,00";"80,00";"80,00"
"TUW-139769-ref6";"100,00";"90,00";"90,00"
"TUW-139769-ref7";"87,50";"77,78";"77,78"
"TUW-139769-ref8";"100,00";"83,33";"83,33"
"TUW-139769-ref9";"100,00";"87,50";"87,50"
"TUW-139769-ref10";"100,00";"66,67";"66,67"
"TUW-139769-ref11";"60,00";"50,00";"42,86"
"TUW-139769-ref12";"100,00";"83,33";"83,33"
"TUW-139769-ref13";"85,71";"66,67";"66,67"
"TUW-139769-ref14";"50,00";"40,00";"27,78"
"TUW-139769-ref15";"87,50";"77,78";"70,00"
"TUW-139769-ref16";"100,00";"87,50";"87,50"
"TUW-139769-ref17";"100,00";"83,33";"83,33"
"TUW-139769-ref18";"100,00";"87,50";"87,50"
"TUW-139769-ref19";"100,00";"90,00";"90,00"
"TUW-139769-ref20";"100,00";"88,89";"88,89"
"TUW-139769-ref21";"80,00";"66,67";"57,14"
"TUW-139769-ref22";"100,00";"88,89";"88,89"
"TUW-139769-ref23";"100,00";"88,89";"88,89"
"TUW-139769-ref24";"88,89";"88,89";"80,00"
"TUW-139769-ref25";"100,00";"88,89";"88,89"
"TUW-139769-ref26";"100,00";"90,00";"90,00"
"TUW-139769-ref27";"100,00";"90,00";"90,00"
"TUW-139769-ref28";"100,00";"88,89";"88,89"
"TUW-139769-ref29";"100,00";"90,00";"90,00"
"TUW-139769-ref30";"100,00";"90,00";"90,00"
"TUW-139769-ref31";"100,00";"90,00";"90,00"
"TUW-139769-ref32";"60,00";"42,86";"37,50"
"TUW-139769-ref33";"85,71";"75,00";"75,00"
"TUW-139769-ref34";"85,71";"75,00";"75,00"
"TUW-139769-ref35";"80,00";"66,67";"66,67"
"TUW-139769-ref36";"75,00";"50,00";"42,86"
"TUW-139769-ref37";"100,00";"88,89";"88,89"
"TUW-139769-ref38";"100,00";"88,89";"88,89"
"TUW-139769-ref39";"71,43";"62,50";"55,56"
"TUW-139769-ref40";"100,00";"88,89";"88,89"
"TUW-139769-ref41";"100,00";"83,33";"83,33"
"TUW-139769-ref42";"80,00";"66,67";"57,14"
"TUW-139781-ref1";"100,00";"88,89";"88,89"
"TUW-139781-ref2";"85,71";"66,67";"66,67"
"TUW-139781-ref3";"100,00";"90,00";"90,00"
"TUW-139781-ref4";"80,00";"66,67";"57,14"
"TUW-139781-ref5";"100,00";"88,89";"88,89"
"TUW-139781-ref6";"100,00";"87,50";"87,50"
"TUW-139781-ref7";"100,00";"87,50";"87,50"
"TUW-139781-ref8";"100,00";"88,89";"88,89"
"TUW-139785-ref1";"87,50";"70,00";"70,00"
"TUW-139785-ref2";"88,89";"80,00";"80,00"
"TUW-139785-ref3";"87,50";"70,00";"70,00"
"TUW-139785-ref4";"79,17";"65,00";"64,00"
"TUW-139785-ref5";"87,50";"77,78";"77,78"
"TUW-139785-ref6";"60,00";"50,00";"50,00"
"TUW-139785-ref7";"71,88";"60,00";"58,57"
"TUW-139785-ref8";"81,25";"70,00";"66,67"
"TUW-139785-ref9";"55,56";"58,33";"48,57"
"TUW-139785-ref10";"85,71";"75,00";"75,00"
"TUW-139785-ref11";"87,50";"77,78";"77,78"
"TUW-139785-ref12";"83,33";"75,00";"75,00"
"TUW-139785-ref13";"50,00";"40,00";"33,33"
"TUW-139785-ref14";"38,89";"35,71";"30,00"
"TUW-139785-ref15";"87,50";"77,78";"77,78"
"TUW-139785-ref16";"88,89";"80,00";"80,00"
"TUW-139785-ref17";"71,43";"50,00";"50,00"
"TUW-139785-ref18";"87,50";"70,00";"70,00"
"TUW-139785-ref19";"57,14";"44,44";"44,44"
"TUW-139785-ref20";"48,15";"50,00";"44,00"
"TUW-139785-ref21";"60,00";"50,00";"42,86"
"TUW-139785-ref22";"87,50";"70,00";"70,00"
"TUW-139785-ref23";"88,89";"80,00";"80,00"
"TUW-139785-ref24";"87,50";"77,78";"77,78"
"TUW-139785-ref25";"87,50";"77,78";"77,78"
"TUW-139785-ref26";"83,33";"69,70";"68,83"
"TUW-139785-ref27";"50,00";"40,00";"33,33"
"TUW-139785-ref28";"87,50";"70,00";"70,00"
"TUW-139785-ref29";"60,00";"50,00";"42,86"
"TUW-139785-ref30";"59,26";"50,00";"42,31"
"TUW-139785-ref31";"88,89";"80,00";"80,00"
"TUW-139785-ref32";"83,33";"76,67";"75,71"
"TUW-139785-ref33";"26,67";"16,67";"15,56"
"TUW-139785-ref34";"87,50";"70,00";"70,00"
"TUW-139785-ref35";"50,00";"33,33";"33,33"
"TUW-139785-ref36";"50,00";"40,00";"33,33"
"TUW-139785-ref37";"50,00";"41,67";"35,71"
"TUW-139785-ref38";"40,00";"28,57";"25,00"
"TUW-139785-ref39";"81,48";"75,00";"74,00"
"TUW-139785-ref40";"87,50";"70,00";"70,00"
"TUW-139785-ref41";"62,50";"55,56";"55,56"
"TUW-139785-ref42";"50,00";"37,50";"33,33"
"TUW-139785-ref43";"87,50";"70,00";"70,00"
"TUW-139785-ref45";"55,00";"45,83";"39,29"
"TUW-140047-ref1";"85,71";"66,67";"66,67"
"TUW-140047-ref2";"85,71";"66,67";"66,67"
"TUW-140047-ref3";"80,00";"66,67";"66,67"
"TUW-140047-ref4";"50,00";"33,33";"28,57"
"TUW-140047-ref5";"71,43";"55,56";"55,56"
"TUW-140048-ref1";"40,00";"33,33";"25,00"
"TUW-140048-ref2";"100,00";"81,82";"81,82"
"TUW-140048-ref3";"71,43";"55,56";"50,00"
"TUW-140048-ref4";"100,00";"81,82";"81,82"
"TUW-140048-ref5";"75,00";"50,00";"50,00"
"TUW-140048-ref7";"20,00";"16,67";"11,11"
"TUW-140048-ref8";"25,00";"16,67";"12,50"
"TUW-140048-ref9";"25,00";"16,67";"12,50"
"TUW-140048-ref10";"25,00";"16,67";"14,29"
"TUW-140048-ref11";"25,00";"14,29";"12,50"
"TUW-140048-ref12";"25,00";"16,67";"14,29"
"TUW-140048-ref13";"25,00";"16,67";"14,29"
"TUW-140229-ref1";"100,00";"87,50";"87,50"
"TUW-140229-ref2";"100,00";"83,33";"83,33"
"TUW-140229-ref3";"100,00";"90,00";"90,00"
"TUW-140229-ref4";"83,33";"71,43";"71,43"
"TUW-140229-ref5";"88,89";"72,73";"72,73"
"TUW-140229-ref6";"75,00";"54,55";"54,55"
"TUW-140229-ref7";"100,00";"90,00";"90,00"
"TUW-140229-ref8";"100,00";"90,00";"90,00"
"TUW-140229-ref9";"100,00";"90,00";"90,00"
"TUW-140229-ref10";"100,00";"66,67";"66,67"
"TUW-140253-ref6";"33,33";"10,00";"10,00"
"TUW-140253-ref32";"33,33";"11,11";"11,11"
"TUW-140253-ref34";"72,73";"80,00";"66,67"
"TUW-140308-ref2";"60,00";"50,00";"46,15"
"TUW-140308-ref3";"77,78";"58,33";"58,33"
"TUW-140308-ref4";"85,71";"75,00";"75,00"
"TUW-140867-ref1";"86,36";"69,09";"69,09"
"TUW-140867-ref2";"100,00";"83,33";"83,33"
"TUW-140867-ref3";"100,00";"83,33";"83,33"
"TUW-140867-ref4";"100,00";"66,67";"66,67"
"TUW-140867-ref5";"66,67";"57,14";"50,00"
"TUW-140867-ref6";"100,00";"83,33";"83,33"
"TUW-140867-ref7";"80,00";"66,67";"66,67"
"TUW-140867-ref8";"100,00";"75,00";"75,00"
"TUW-140867-ref9";"66,67";"44,44";"44,44"
"TUW-140895-ref1";"100,00";"88,89";"88,89"
"TUW-140895-ref2";"100,00";"87,50";"87,50"
"TUW-140895-ref3";"100,00";"88,89";"88,89"
"TUW-140895-ref4";"100,00";"88,89";"88,89"
"TUW-140895-ref5";"100,00";"87,50";"87,50"
"TUW-140895-ref6";"100,00";"90,00";"90,00"
"TUW-140895-ref7";"100,00";"90,00";"90,00"
"TUW-140895-ref8";"87,50";"77,78";"77,78"
"TUW-140895-ref9";"100,00";"88,89";"88,89"
"TUW-140895-ref10";"75,00";"42,86";"37,50"
"TUW-140895-ref11";"100,00";"88,89";"88,89"
"TUW-140895-ref12";"100,00";"90,00";"90,00"
"TUW-140895-ref13";"60,00";"37,50";"33,33"
"TUW-140895-ref14";"100,00";"90,00";"90,00"
"TUW-140895-ref15";"83,33";"62,50";"62,50"
"TUW-140895-ref16";"100,00";"87,50";"87,50"
"TUW-140895-ref17";"100,00";"88,89";"88,89"
"TUW-140895-ref18";"100,00";"90,00";"90,00"
"TUW-140895-ref19";"100,00";"90,00";"90,00"
"TUW-140895-ref20";"100,00";"88,89";"88,89"
"TUW-140895-ref21";"70,00";"58,33";"50,00"
"TUW-140895-ref22";"85,71";"54,55";"54,55"
"TUW-140895-ref23";"81,25";"65,00";"65,00"
"TUW-140895-ref24";"87,50";"77,78";"70,00"
"TUW-140895-ref25";"100,00";"81,82";"81,82"
"TUW-140895-ref26";"66,67";"50,00";"50,00"
"TUW-140895-ref27";"100,00";"87,50";"87,50"
"TUW-140895-ref28";"60,00";"50,00";"42,86"
"TUW-140895-ref29";"93,75";"83,33";"83,33"
"TUW-140895-ref30";"100,00";"85,71";"85,71"
"TUW-140895-ref31";"87,50";"70,00";"70,00"
"TUW-140895-ref32";"100,00";"90,00";"90,00"
"TUW-140895-ref33";"100,00";"88,89";"88,89"
"TUW-140895-ref34";"100,00";"88,89";"88,89"
"TUW-140895-ref35";"100,00";"83,33";"83,33"
"TUW-140983-ref1";"100,00";"83,33";"83,33"
"TUW-140983-ref2";"100,00";"77,78";"77,78"
"TUW-140983-ref3";"100,00";"90,00";"90,00"
"TUW-140983-ref4";"25,00";"20,00";"14,29"
"TUW-141024-ref1";"99,21";"89,29";"89,29"
"TUW-141024-ref2";"88,89";"80,00";"80,00"
"TUW-141024-ref3";"100,00";"71,43";"71,43"
"TUW-141024-ref4";"100,00";"88,89";"88,89"
"TUW-141024-ref5";"88,89";"80,00";"80,00"
"TUW-141024-ref6";"77,78";"72,22";"66,67"
"TUW-141024-ref7";"50,00";"22,22";"22,22"
"TUW-141024-ref8";"50,00";"37,50";"33,33"
"TUW-141024-ref9";"87,50";"77,78";"77,78"
"TUW-141024-ref10";"77,78";"70,00";"70,00"
"TUW-141024-ref11";"80,00";"72,00";"72,00"
"TUW-141065-ref1";"100,00";"88,89";"88,89"
"TUW-141065-ref2";"85,71";"60,00";"60,00"
"TUW-141065-ref3";"87,50";"77,78";"77,78"
"TUW-141065-ref4";"71,43";"50,00";"50,00"
"TUW-141065-ref5";"100,00";"88,89";"88,89"
"TUW-141065-ref6";"85,71";"66,67";"66,67"
"TUW-141065-ref7";"100,00";"71,43";"71,43"
"TUW-141065-ref8";"100,00";"88,89";"88,89"
"TUW-141065-ref9";"80,00";"66,67";"66,67"
"TUW-141065-ref10";"100,00";"66,67";"66,67"
"TUW-141065-ref11";"66,67";"40,00";"33,33"
"TUW-141065-ref12";"100,00";"88,89";"88,89"
"TUW-141065-ref13";"96,88";"86,11";"86,11"
"TUW-141065-ref14";"100,00";"88,89";"88,89"
"TUW-141121-ref1";"100,00";"90,00";"90,00"
"TUW-141121-ref2";"85,71";"66,67";"66,67"
"TUW-141121-ref3";"39,58";"42,86";"31,82"
"TUW-141121-ref4";"100,00";"60,00";"60,00"
"TUW-141121-ref5";"85,71";"75,00";"75,00"
"TUW-141121-ref6";"100,00";"87,50";"87,50"
"TUW-141140-ref1";"100,00";"70,00";"70,00"
"TUW-141140-ref2";"100,00";"87,50";"87,50"
"TUW-141140-ref3";"85,71";"66,67";"60,00"
"TUW-141140-ref4";"80,00";"66,67";"57,14"
"TUW-141140-ref6";"50,00";"33,33";"28,57"
"TUW-141140-ref7";"60,00";"37,50";"37,50"
"TUW-141140-ref8";"50,00";"37,50";"37,50"
"TUW-141618-ref1";"40,00";"28,57";"25,00"
"TUW-141618-ref2";"85,71";"75,00";"75,00"
"TUW-141618-ref3";"77,78";"70,00";"70,00"
"TUW-141618-ref4";"100,00";"83,33";"83,33"
"TUW-141618-ref5";"33,33";"12,50";"12,50"
"TUW-141618-ref6";"40,00";"11,11";"10,09"
"TUW-141618-ref7";"85,71";"75,00";"75,00"
"TUW-141618-ref8";"80,00";"66,67";"66,67"
"TUW-141618-ref9";"75,00";"30,00";"30,00"
"TUW-141618-ref10";"54,17";"47,62";"41,07"
"TUW-141618-ref11";"33,33";"10,00";"10,00"
"TUW-141618-ref12";"57,14";"66,67";"50,00"
"TUW-141618-ref13";"80,00";"66,67";"66,67"
"TUW-141618-ref14";"75,00";"30,00";"30,00"
"TUW-141618-ref15";"80,00";"66,67";"66,67"
"TUW-141618-ref17";"87,50";"77,78";"77,78"
"TUW-141618-ref18";"75,00";"66,67";"60,00"
"TUW-141618-ref19";"84,00";"70,83";"70,37"
"TUW-141618-ref20";"85,71";"75,00";"75,00"
"TUW-141618-ref21";"80,00";"66,67";"66,67"
"TUW-141618-ref22";"80,00";"66,67";"66,67"
"TUW-141618-ref23";"88,89";"80,00";"80,00"
"TUW-141618-ref24";"100,00";"83,33";"83,33"
"TUW-141618-ref25";"100,00";"83,33";"83,33"
"TUW-141618-ref28";"57,14";"50,00";"44,44"
"TUW-141618-ref29";"40,00";"33,33";"28,57"
"TUW-141618-ref31";"80,00";"66,67";"66,67"
"TUW-141618-ref32";"88,89";"80,00";"80,00"
"TUW-141618-ref33";"88,89";"80,00";"80,00"
"TUW-141618-ref34";"60,00";"37,50";"37,50"
"TUW-141618-ref35";"50,00";"40,00";"33,33"
"TUW-141618-ref36";"60,00";"50,00";"50,00"
"TUW-141618-ref37";"88,89";"80,00";"80,00"
"TUW-141758-ref1";"50,00";"33,33";"33,33"
"TUW-141758-ref2";"85,71";"75,00";"75,00"
"TUW-141758-ref3";"70,41";"54,76";"49,29"
"TUW-141758-ref4";"84,21";"73,68";"73,68"
"TUW-141758-ref5";"81,11";"60,83";"60,83"
"TUW-141758-ref6";"85,71";"75,00";"75,00"
"TUW-141758-ref7";"66,67";"66,67";"60,61"
"TUW-141758-ref8";"88,89";"80,00";"80,00"
"TUW-141758-ref9";"75,00";"50,00";"50,00"
"TUW-141758-ref10";"85,71";"77,14";"77,14"
"TUW-141758-ref11";"87,50";"77,78";"77,78"
"TUW-141758-ref12";"50,00";"42,86";"37,50"
"TUW-141758-ref13";"25,00";"10,00";"10,00"
"TUW-141758-ref14";"88,89";"80,00";"80,00"
"TUW-141758-ref15";"83,33";"71,43";"71,43"
"TUW-141758-ref16";"85,71";"78,33";"77,69"
"TUW-141758-ref17";"87,50";"77,78";"77,78"
"TUW-141758-ref18";"75,00";"66,67";"60,00"
"TUW-141758-ref20";"75,00";"65,91";"61,11"
"TUW-141758-ref21";"80,00";"66,67";"66,67"
"TUW-141758-ref22";"88,89";"80,00";"80,00"
"TUW-141758-ref23";"88,89";"80,00";"80,00"
"TUW-141758-ref24";"88,89";"80,00";"80,00"
"TUW-141758-ref25";"88,89";"80,00";"80,00"
"TUW-141758-ref26";"66,67";"50,00";"50,00"
"TUW-141758-ref27";"85,71";"75,00";"75,00"
"TUW-141758-ref28";"25,00";"12,50";"12,50"
"TUW-141758-ref29";"66,67";"57,14";"50,00"
"TUW-141758-ref30";"77,78";"70,00";"70,00"
"TUW-141758-ref32";"88,89";"80,00";"80,00"
"TUW-141758-ref33";"80,00";"66,67";"66,67"
"TUW-141758-ref34";"20,00";"10,00";"8,33"
"TUW-141758-ref35";"25,00";"12,50";"12,50"
"TUW-141758-ref36";"50,00";"25,00";"25,00"
"TUW-141758-ref37";"25,00";"12,50";"11,11"
"TUW-141758-ref38";"0,00";"0,00";"0,00"
"TUW-141758-ref39";"0,00";"0,00";"0,00"
"TUW-141758-ref40";"87,50";"77,78";"77,78"
"TUW-141758-ref41";"88,89";"80,00";"80,00"
"TUW-141758-ref42";"50,00";"25,00";"25,00"
"TUW-141758-ref43";"50,00";"25,00";"25,00"
"TUW-141758-ref44";"20,00";"12,50";"11,11"
"TUW-141758-ref45";"75,00";"50,00";"50,00"
"TUW-141758-ref46";"88,89";"80,00";"80,00"
"TUW-141758-ref47";"80,00";"57,14";"57,14"
"TUW-141758-ref48";"30,00";"20,83";"19,64"
"TUW-141758-ref49";"40,00";"25,00";"25,00"
"TUW-168482-ref1";"100,00";"90,00";"90,00"
"TUW-168482-ref2";"100,00";"80,00";"80,00"
"TUW-168482-ref3";"100,00";"81,82";"81,82"
"TUW-168482-ref4";"100,00";"90,00";"90,00"
"TUW-168482-ref5";"85,71";"60,00";"60,00"
"TUW-168482-ref6";"100,00";"90,00";"90,00"
"TUW-168482-ref7";"85,71";"66,67";"66,67"
"TUW-168482-ref8";"100,00";"75,00";"75,00"
"TUW-168482-ref9";"80,00";"57,14";"57,14"
"TUW-168482-ref10";"83,33";"62,50";"62,50"
"TUW-168482-ref11";"100,00";"90,00";"90,00"
"TUW-168482-ref12";"100,00";"88,89";"88,89"
"TUW-168482-ref13";"66,67";"66,67";"54,55"
"TUW-168482-ref14";"100,00";"90,00";"90,00"
"TUW-168482-ref15";"85,71";"66,67";"66,67"
"TUW-168482-ref16";"100,00";"80,00";"80,00"
"TUW-168482-ref17";"40,00";"33,33";"28,57"
"TUW-168482-ref18";"100,00";"87,50";"87,50"
"TUW-168482-ref19";"100,00";"87,50";"87,50"
"TUW-168482-ref20";"100,00";"70,00";"70,00"
"TUW-168482-ref21";"87,50";"70,00";"63,64"
"TUW-168482-ref22";"80,00";"40,00";"40,00"
"TUW-168482-ref23";"100,00";"90,00";"90,00"
"TUW-168482-ref24";"100,00";"90,00";"90,00"
"TUW-168482-ref25";"83,33";"71,43";"71,43"
"TUW-169511-ref1";"100,00";"88,89";"88,89"
"TUW-169511-ref2";"71,43";"55,56";"50,00"
"TUW-169511-ref3";"60,00";"37,50";"37,50"
"TUW-169511-ref5";"44,44";"50,00";"41,96"
"TUW-172697-ref1";"80,00";"66,67";"66,67"
"TUW-172697-ref2";"85,71";"75,00";"75,00"
"TUW-172697-ref3";"87,50";"70,00";"70,00"
"TUW-174216-ref1";"80,00";"50,00";"50,00"
"TUW-174216-ref2";"88,00";"77,78";"75,00"
"TUW-174216-ref3";"81,25";"60,00";"59,50"
"TUW-174216-ref4";"60,00";"50,00";"42,86"
"TUW-174216-ref5";"80,00";"57,14";"57,14"
"TUW-174216-ref6";"81,25";"59,09";"59,09"
"TUW-174216-ref7";"40,00";"33,33";"22,22"
"TUW-174216-ref8";"100,00";"72,73";"72,73"
"TUW-174216-ref9";"50,00";"28,57";"25,00"
"TUW-174216-ref10";"100,00";"90,00";"90,00"
"TUW-174216-ref11";"100,00";"87,50";"87,50"
"TUW-174216-ref12";"80,00";"66,67";"66,67"
"TUW-174216-ref13";"50,00";"16,67";"14,29"
"TUW-174216-ref14";"66,67";"33,33";"28,57"
"TUW-174216-ref15";"50,00";"16,67";"14,29"
"TUW-174216-ref16";"50,00";"33,33";"28,57"
"TUW-174216-ref17";"71,43";"55,56";"55,56"
"TUW-174216-ref18";"100,00";"87,50";"87,50"
"TUW-174216-ref19";"70,00";"45,00";"39,39"
"TUW-174216-ref20";"100,00";"80,00";"80,00"
"TUW-174216-ref21";"84,00";"61,90";"60,71"
"TUW-174216-ref22";"60,00";"42,86";"37,50"
"TUW-174216-ref23";"60,00";"50,00";"37,50"
"TUW-174216-ref24";"94,29";"84,38";"83,33"
"TUW-174216-ref25";"75,00";"50,00";"42,86"
"TUW-174216-ref26";"50,00";"16,67";"14,29"
"TUW-174216-ref27";"33,33";"14,29";"12,50"
"TUW-174216-ref28";"40,00";"25,00";"25,00"
"TUW-175428-ref1";"100,00";"83,33";"83,33"
"TUW-175428-ref2";"100,00";"90,00";"90,00"
"TUW-175428-ref3";"100,00";"83,33";"83,33"
"TUW-175428-ref4";"100,00";"90,00";"90,00"
"TUW-175428-ref5";"88,89";"80,00";"80,00"
"TUW-175428-ref6";"88,89";"80,00";"80,00"
"TUW-175428-ref7";"100,00";"88,89";"88,89"
"TUW-175428-ref8";"85,71";"66,67";"66,67"
"TUW-175428-ref9";"100,00";"90,00";"90,00"
"TUW-175428-ref10";"100,00";"90,00";"90,00"
"TUW-175428-ref11";"61,11";"52,38";"45,83"
"TUW-175428-ref12";"93,75";"68,18";"68,18"
"TUW-175428-ref13";"100,00";"88,89";"88,89"
"TUW-175428-ref14";"90,00";"64,29";"64,29"
"TUW-175428-ref15";"100,00";"90,00";"90,00"
"TUW-175428-ref16";"50,00";"28,57";"28,57"
"TUW-175428-ref17";"97,22";"87,50";"87,50"
"TUW-175428-ref18";"100,00";"62,50";"62,50"
"TUW-175428-ref19";"100,00";"83,33";"83,33"
"TUW-176087-ref1";"88,89";"76,67";"78,00"
"TUW-176087-ref2";"88,89";"76,67";"78,00"
"TUW-176087-ref3";"88,89";"76,67";"78,00"
"TUW-176087-ref4";"100,00";"83,33";"85,19"
"TUW-176087-ref5";"100,00";"83,33";"85,19"
"TUW-176087-ref6";"88,89";"75,00";"76,67"
"TUW-176087-ref7";"88,89";"75,00";"76,67"
"TUW-176087-ref8";"100,00";"86,67";"88,00"
"TUW-176087-ref9";"80,00";"80,00";"72,73"
"TUW-176087-ref10";"88,89";"76,67";"78,00"
"TUW-176087-ref11";"100,00";"86,67";"88,00"
"TUW-176087-ref12";"88,89";"76,67";"78,00"
"TUW-176087-ref13";"100,00";"86,67";"88,00"
"TUW-176087-ref14";"88,89";"76,67";"78,00"
"TUW-177140-ref1";"100,00";"88,89";"88,89"
"TUW-177140-ref2";"100,00";"88,89";"88,89"
"TUW-177140-ref3";"100,00";"90,00";"90,00"
"TUW-177140-ref4";"100,00";"87,50";"87,50"
"TUW-177140-ref5";"88,89";"80,00";"72,73"
"TUW-177140-ref6";"100,00";"88,89";"88,89"
"TUW-177140-ref7";"88,89";"80,00";"72,73"
"TUW-177140-ref8";"88,89";"80,00";"72,73"
"TUW-177140-ref9";"100,00";"87,50";"87,50"
"TUW-177140-ref10";"50,00";"50,00";"45,45"
"TUW-177140-ref12";"40,00";"28,57";"25,00"
"TUW-177140-ref13";"85,71";"75,00";"75,00"
"TUW-177140-ref14";"77,78";"70,00";"63,64"
"TUW-177140-ref15";"55,56";"62,50";"45,45"
"TUW-179146-ref1";"100,00";"75,00";"75,00"
"TUW-179146-ref2";"100,00";"83,33";"83,33"
"TUW-179146-ref3";"100,00";"87,50";"87,50"
"TUW-179146-ref4";"100,00";"88,89";"88,89"
"TUW-179146-ref5";"66,67";"57,14";"50,00"
"TUW-179146-ref6";"88,89";"80,00";"80,00"
"TUW-179146-ref7";"100,00";"90,00";"90,00"
"TUW-179146-ref8";"97,22";"87,50";"87,50"
"TUW-179146-ref9";"100,00";"87,50";"87,50"
"TUW-179146-ref10";"100,00";"90,00";"90,00"
"TUW-179146-ref11";"100,00";"83,33";"83,33"
"TUW-179146-ref12";"100,00";"83,33";"83,33"
"TUW-179146-ref13";"100,00";"87,50";"87,50"
"TUW-179146-ref14";"60,00";"42,86";"37,50"
"TUW-179146-ref15";"100,00";"87,50";"87,50"
"TUW-179146-ref16";"75,00";"60,00";"50,00"
"TUW-179146-ref17";"60,00";"42,86";"37,50"
"TUW-179146-ref18";"60,00";"42,86";"37,50"
"TUW-180162-ref1";"100,00";"83,33";"83,33"
"TUW-180162-ref2";"83,33";"83,33";"71,43"
"TUW-180162-ref3";"85,71";"75,00";"75,00"
"TUW-180162-ref4";"100,00";"83,33";"83,33"
"TUW-180162-ref5";"100,00";"87,50";"87,50"
"TUW-180162-ref6";"100,00";"87,50";"87,50"
"TUW-180162-ref7";"33,33";"20,00";"14,29"
"TUW-180162-ref8";"50,00";"25,00";"20,00"
"TUW-180162-ref9";"100,00";"83,33";"83,33"
"TUW-180162-ref10";"100,00";"83,33";"83,33"
"TUW-180162-ref11";"100,00";"83,33";"83,33"
"TUW-180162-ref12";"83,33";"83,33";"71,43"
"TUW-180162-ref13";"100,00";"83,33";"83,33"
"TUW-180162-ref14";"100,00";"83,33";"83,33"
"TUW-180162-ref15";"100,00";"83,33";"83,33"
"TUW-180162-ref17";"0,00";"0,00";"0,00"
"TUW-180162-ref18";"80,00";"66,67";"66,67"
"TUW-180162-ref19";"80,00";"66,67";"66,67"
"TUW-180162-ref20";"83,33";"71,43";"71,43"
"TUW-180162-ref21";"80,00";"66,67";"66,67"
"TUW-180162-ref22";"66,67";"66,67";"57,14"
"TUW-181199-ref1";"43,33";"83,33";"40,91"
"TUW-181199-ref3";"85,71";"75,00";"75,00"
"TUW-181199-ref4";"87,50";"77,78";"77,78"
"TUW-181199-ref5";"87,50";"77,78";"77,78"
"TUW-181199-ref6";"85,71";"75,00";"75,00"
"TUW-181199-ref7";"87,50";"77,78";"77,78"
"TUW-181199-ref8";"87,50";"77,78";"77,78"
"TUW-181199-ref9";"75,00";"75,00";"66,67"
"TUW-181199-ref11";"54,55";"66,67";"50,00"
"TUW-181199-ref12";"87,50";"77,78";"77,78"
"TUW-181199-ref13";"50,00";"42,86";"37,50"
"TUW-181199-ref16";"85,71";"75,00";"75,00"
"TUW-182414-ref1";"62,50";"45,45";"45,45"
"TUW-182414-ref2";"40,00";"33,33";"28,57"
"TUW-182414-ref7";"0,00";"0,00";"0,00"
"TUW-182414-ref8";"40,00";"33,33";"28,57"
"TUW-182414-ref9";"33,33";"25,00";"22,22"
"TUW-182414-ref10";"66,67";"61,11";"54,29"
"TUW-182414-ref11";"50,00";"50,00";"45,45"
"TUW-182899-ref3";"25,00";"12,50";"12,50"
"TUW-182899-ref29";"27,27";"37,50";"25,00"
"TUW-185321-ref1";"80,00";"44,44";"44,44"
"TUW-185441-ref1";"80,00";"40,00";"36,36"
"TUW-185441-ref2";"76,19";"59,26";"53,33"
"TUW-185441-ref3";"100,00";"77,78";"77,78"
"TUW-185441-ref4";"100,00";"88,89";"88,89"
"TUW-185441-ref5";"66,67";"50,00";"44,44"
"TUW-186227-ref1";"80,00";"57,14";"57,14"
"TUW-186227-ref2";"100,00";"90,00";"90,00"
"TUW-186227-ref3";"75,00";"60,00";"54,55"
"TUW-186227-ref4";"100,00";"90,00";"90,00"
"TUW-186227-ref5";"100,00";"90,00";"90,00"
"TUW-186227-ref6";"100,00";"90,00";"90,00"
"TUW-186227-ref7";"66,67";"50,00";"44,44"
"TUW-189842-ref1";"100,00";"90,00";"90,00"
"TUW-189842-ref2";"60,00";"35,71";"38,10"
"TUW-189842-ref3";"80,00";"66,67";"57,14"
"TUW-189842-ref4";"100,00";"75,00";"75,00"
"TUW-191715-ref1";"50,00";"22,22";"22,22"
"TUW-191715-ref2";"20,59";"50,00";"19,19"
"TUW-191977-ref5";"88,89";"80,00";"80,00"
"TUW-191977-ref6";"88,89";"80,00";"80,00"
"TUW-192724-ref7";"85,71";"75,00";"75,00"
"TUW-192724-ref11";"14,29";"11,11";"10,00"
"TUW-194085-ref1";"40,00";"28,57";"25,00"
"TUW-194561-ref1";"88,89";"72,73";"66,67"
"TUW-194561-ref2";"100,00";"90,00";"90,00"
"TUW-194561-ref3";"100,00";"90,00";"90,00"
"TUW-194561-ref4";"100,00";"83,33";"83,33"
"TUW-194561-ref5";"80,00";"57,14";"57,14"
"TUW-194561-ref6";"85,71";"60,00";"60,00"
"TUW-194561-ref7";"66,67";"54,55";"50,00"
"TUW-194561-ref8";"88,89";"72,73";"66,67"
"TUW-194561-ref9";"100,00";"90,00";"90,00"
"TUW-194561-ref10";"100,00";"88,89";"88,89"
"TUW-194561-ref11";"100,00";"90,00";"90,00"
"TUW-194561-ref12";"88,89";"72,73";"66,67"
"TUW-194561-ref13";"88,89";"80,00";"72,73"
"TUW-194561-ref14";"100,00";"85,71";"85,71"
"TUW-194561-ref15";"100,00";"88,89";"88,89"
"TUW-194561-ref16";"85,71";"60,00";"60,00"
"TUW-194561-ref17";"87,50";"70,00";"70,00"
"TUW-194561-ref18";"85,71";"75,00";"75,00"
"TUW-194561-ref19";"87,50";"70,00";"70,00"
"TUW-194561-ref20";"100,00";"85,71";"85,71"
"TUW-194561-ref21";"88,89";"72,73";"66,67"
"TUW-194561-ref22";"100,00";"70,00";"70,00"
"TUW-194660-ref1";"71,43";"62,50";"62,50"
"TUW-194660-ref2";"88,89";"80,00";"80,00"
"TUW-194660-ref4";"71,43";"50,00";"50,00"
"TUW-194660-ref5";"50,00";"42,86";"42,86"
"TUW-197422-ref1";"33,33";"25,00";"20,00"
"TUW-197422-ref2";"41,67";"38,89";"30,00"
"TUW-197422-ref3";"33,33";"33,33";"25,00"
"TUW-197422-ref4";"40,00";"40,00";"33,33"
"TUW-197422-ref9";"33,33";"33,33";"25,00"
"TUW-197422-ref10";"22,22";"40,00";"20,00"
"TUW-197422-ref11";"50,00";"33,33";"30,00"
"TUW-197422-ref12";"55,56";"55,56";"50,00"
"TUW-197422-ref13";"20,00";"12,50";"10,00"
"TUW-197422-ref14";"0,00";"0,00";"0,00"
"TUW-197422-ref15";"59,26";"58,33";"52,86"
"TUW-197422-ref16";"57,14";"57,14";"50,00"
"TUW-197422-ref17";"66,67";"66,67";"60,00"
"TUW-197422-ref18";"70,37";"69,44";"62,86"
"TUW-197422-ref19";"28,57";"28,57";"20,00"
"TUW-197422-ref20";"55,56";"55,56";"50,00"
"TUW-197422-ref22";"33,33";"33,33";"25,00"
"TUW-197422-ref23";"16,67";"20,00";"12,50"
"TUW-197422-ref24";"33,33";"33,33";"25,00"
"TUW-197422-ref25";"42,86";"37,50";"33,33"
"TUW-197422-ref26";"58,33";"58,33";"52,50"
"TUW-197852-ref1";"100,00";"90,00";"90,00"
"TUW-197852-ref2";"91,67";"81,48";"81,48"
"TUW-197852-ref3";"88,89";"80,00";"72,73"
"TUW-197852-ref4";"100,00";"77,78";"77,78"
"TUW-197852-ref5";"100,00";"90,00";"90,00"
"TUW-197852-ref6";"100,00";"90,00";"90,00"
"TUW-197852-ref7";"100,00";"87,50";"87,50"
"TUW-198400-ref1";"100,00";"88,89";"88,89"
"TUW-198400-ref2";"60,00";"60,00";"42,86"
"TUW-198400-ref3";"80,00";"66,67";"57,14"
"TUW-198400-ref4";"100,00";"83,33";"83,33"
"TUW-198400-ref5";"100,00";"87,50";"87,50"
"TUW-198400-ref6";"83,33";"71,43";"62,50"
"TUW-198400-ref7";"75,00";"50,00";"42,86"
"TUW-198400-ref8";"100,00";"83,33";"83,33"
"TUW-198400-ref9";"100,00";"88,89";"88,89"
"TUW-198400-ref10";"100,00";"88,89";"88,89"
"TUW-198400-ref11";"100,00";"83,33";"83,33"
"TUW-198400-ref12";"80,00";"66,67";"57,14"
"TUW-198400-ref13";"80,00";"66,67";"57,14"
"TUW-198400-ref14";"62,50";"66,67";"55,10"
"TUW-198400-ref16";"50,00";"40,00";"33,33"
"TUW-198400-ref17";"50,00";"60,00";"42,86"
"TUW-198400-ref19";"50,00";"40,00";"33,33"
"TUW-198400-ref20";"87,50";"77,78";"77,78"
"TUW-198400-ref21";"87,50";"77,78";"77,78"
"TUW-198400-ref22";"80,00";"66,67";"66,67"
"TUW-198400-ref23";"20,00";"14,29";"11,11"
"TUW-198400-ref24";"82,35";"70,59";"70,59"
"TUW-198400-ref25";"87,50";"77,78";"77,78"
"TUW-198400-ref26";"66,67";"60,00";"54,55"
"TUW-198400-ref27";"40,00";"33,33";"28,57"
"TUW-198400-ref28";"60,00";"50,00";"42,86"
"TUW-198401-ref1";"77,78";"70,00";"63,64"
"TUW-198405-ref1";"100,00";"83,33";"83,33"
"TUW-198405-ref2";"100,00";"90,00";"90,00"
"TUW-198405-ref3";"100,00";"87,50";"87,50"
"TUW-198405-ref4";"57,14";"57,14";"44,44"
"TUW-198405-ref5";"62,50";"55,56";"50,00"
"TUW-198405-ref6";"100,00";"90,00";"90,00"
"TUW-198408-ref2";"88,89";"80,00";"80,00"
"TUW-198408-ref3";"87,50";"77,78";"77,78"
"TUW-198408-ref4";"81,25";"72,22";"72,22"
"TUW-198408-ref5";"62,50";"50,00";"50,00"
"TUW-198408-ref6";"20,00";"11,43";"8,89"
"TUW-198408-ref7";"83,33";"50,00";"50,00"
"TUW-198408-ref8";"0,00";"0,00";"0,00"
"TUW-198408-ref10";"50,00";"20,00";"20,00"
"TUW-198408-ref11";"75,00";"75,00";"66,67"
"TUW-198408-ref12";"71,43";"50,00";"50,00"
"TUW-198408-ref13";"71,43";"50,00";"50,00"
"TUW-198408-ref14";"88,89";"80,00";"80,00"
"TUW-198408-ref15";"83,33";"71,43";"71,43"
"TUW-198408-ref16";"71,43";"50,00";"50,00"
"TUW-198408-ref17";"87,50";"77,78";"77,78"
"TUW-198408-ref18";"75,00";"60,00";"60,00"
"TUW-198408-ref19";"87,50";"77,78";"77,78"
"TUW-198408-ref20";"50,00";"30,00";"30,00"
"TUW-198408-ref21";"57,14";"40,00";"40,00"
"TUW-198408-ref22";"71,43";"50,00";"50,00"
"TUW-198408-ref23";"71,43";"50,00";"50,00"
"TUW-198408-ref24";"71,43";"55,56";"55,56"
"TUW-198408-ref25";"88,89";"80,00";"80,00"
"TUW-198408-ref26";"87,50";"70,00";"70,00"
"TUW-198408-ref27";"87,50";"77,78";"77,78"
"TUW-200745-ref1";"50,00";"28,57";"28,57"
"TUW-200745-ref2";"50,00";"28,57";"28,57"
"TUW-200745-ref3";"60,00";"37,50";"37,50"
"TUW-200745-ref4";"88,89";"80,00";"80,00"
"TUW-200745-ref5";"71,43";"50,00";"50,00"
"TUW-200745-ref6";"87,50";"63,64";"63,64"
"TUW-200745-ref7";"50,00";"25,00";"25,00"
"TUW-200745-ref8";"87,50";"77,78";"77,78"
"TUW-200745-ref9";"60,00";"50,00";"42,86"
"TUW-200745-ref10";"71,43";"45,45";"45,45"
"TUW-200745-ref11";"40,00";"28,57";"25,00"
"TUW-200745-ref12";"88,89";"72,73";"72,73"
"TUW-200745-ref13";"40,00";"28,57";"25,00"
"TUW-200745-ref14";"60,00";"42,86";"37,50"
"TUW-200745-ref15";"60,00";"50,00";"42,86"
"TUW-200745-ref16";"60,00";"42,86";"37,50"
"TUW-200748-ref1";"75,00";"30,00";"30,00"
"TUW-200748-ref2";"87,50";"70,00";"70,00"
"TUW-200748-ref3";"87,50";"70,00";"70,00"
"TUW-200748-ref4";"85,71";"66,67";"66,67"
"TUW-200748-ref5";"87,50";"77,78";"77,78"
"TUW-200748-ref6";"80,00";"50,00";"50,00"
"TUW-200748-ref7";"87,50";"77,78";"77,78"
"TUW-200748-ref8";"88,89";"66,67";"66,67"
"TUW-200748-ref9";"87,50";"77,78";"77,78"
"TUW-200748-ref10";"90,63";"73,33";"72,86"
"TUW-200748-ref11";"77,78";"77,78";"70,00"
"TUW-200748-ref12";"87,50";"70,00";"70,00"
"TUW-200748-ref13";"71,43";"50,00";"50,00"
"TUW-200748-ref14";"62,50";"55,56";"55,56"
"TUW-200748-ref15";"77,78";"70,00";"70,00"
"TUW-200748-ref16";"88,89";"80,00";"80,00"
"TUW-200748-ref17";"85,71";"66,67";"66,67"
"TUW-200748-ref18";"87,50";"77,78";"77,78"
"TUW-200748-ref19";"85,71";"75,00";"75,00"
"TUW-200748-ref20";"91,67";"83,33";"82,22"
"TUW-200748-ref21";"50,00";"37,50";"33,33"
"TUW-200748-ref22";"50,00";"37,50";"33,33"
"TUW-200748-ref23";"87,50";"77,78";"77,78"
"TUW-200748-ref24";"88,89";"66,67";"66,67"
"TUW-200748-ref25";"91,67";"64,10";"63,74"
"TUW-200748-ref26";"89,29";"70,37";"69,84"
"TUW-200748-ref27";"37,50";"37,50";"30,00"
"TUW-200748-ref28";"85,71";"75,00";"75,00"
"TUW-200748-ref29";"66,67";"50,00";"50,00"
"TUW-200748-ref30";"83,33";"71,43";"71,43"
"TUW-200748-ref31";"50,00";"33,33";"33,33"
"TUW-200748-ref32";"75,00";"66,67";"58,73"
"TUW-200748-ref33";"88,89";"66,67";"66,67"
"TUW-200748-ref34";"87,50";"70,00";"70,00"
"TUW-200748-ref35";"50,00";"25,00";"23,08"
"TUW-200748-ref36";"87,50";"70,00";"70,00"
"TUW-200748-ref37";"87,50";"70,00";"70,00"
"TUW-200748-ref38";"66,67";"57,14";"50,00"
"TUW-200748-ref39";"50,00";"40,00";"33,33"
"TUW-200748-ref40";"50,00";"33,33";"28,57"
"TUW-200748-ref41";"87,50";"70,00";"70,00"
"TUW-200950-ref1";"100,00";"66,67";"66,67"
"TUW-200950-ref2";"100,00";"88,89";"88,89"
"TUW-200950-ref3";"100,00";"88,89";"88,89"
"TUW-200950-ref4";"85,71";"75,00";"75,00"
"TUW-200950-ref5";"100,00";"88,89";"88,89"
"TUW-200950-ref6";"85,71";"75,00";"75,00"
"TUW-200950-ref7";"85,71";"66,67";"66,67"
"TUW-200950-ref8";"90,00";"75,00";"75,00"
"TUW-200950-ref9";"100,00";"88,89";"88,89"
"TUW-200950-ref10";"80,00";"66,67";"57,14"
"TUW-200950-ref11";"60,00";"50,00";"42,86"
"TUW-200950-ref12";"60,00";"50,00";"42,86"
"TUW-200950-ref13";"100,00";"88,89";"88,89"
"TUW-200950-ref14";"100,00";"83,33";"83,33"
"TUW-200950-ref15";"100,00";"88,89";"88,89"
"TUW-200950-ref16";"88,89";"66,67";"66,67"
"TUW-200950-ref17";"60,00";"42,86";"37,50"
"TUW-200950-ref18";"100,00";"88,89";"88,89"
"TUW-200950-ref19";"100,00";"83,33";"83,33"
"TUW-200950-ref20";"100,00";"88,89";"88,89"
"TUW-200950-ref21";"100,00";"88,89";"88,89"
"TUW-200950-ref22";"88,89";"80,00";"80,00"
"TUW-200950-ref23";"77,78";"58,33";"58,33"
"TUW-200959-ref1";"100,00";"90,00";"90,00"
"TUW-200959-ref2";"100,00";"71,43";"71,43"
"TUW-200959-ref3";"100,00";"83,33";"83,33"
"TUW-200959-ref4";"100,00";"90,00";"90,00"
"TUW-200959-ref5";"88,89";"80,00";"72,73"
"TUW-200959-ref6";"100,00";"87,50";"87,50"
"TUW-200959-ref7";"100,00";"88,89";"88,89"
"TUW-200959-ref8";"100,00";"88,89";"88,89"
"TUW-200959-ref9";"100,00";"88,89";"88,89"
"TUW-200959-ref10";"88,89";"80,00";"80,00"
"TUW-200959-ref11";"87,50";"70,00";"70,00"
"TUW-200959-ref12";"100,00";"88,89";"88,89"
"TUW-200959-ref13";"60,00";"42,86";"37,50"
"TUW-200959-ref14";"100,00";"75,00";"75,00"
"TUW-200959-ref15";"80,00";"66,67";"57,14"
"TUW-200959-ref16";"100,00";"87,50";"87,50"
"TUW-200959-ref17";"100,00";"90,00";"90,00"
"TUW-200959-ref18";"100,00";"90,00";"90,00"
"TUW-200959-ref19";"83,33";"71,43";"71,43"
"TUW-200959-ref20";"100,00";"88,89";"88,89"
"TUW-200959-ref21";"100,00";"85,71";"85,71"
"TUW-200959-ref22";"100,00";"90,00";"90,00"
"TUW-200959-ref23";"85,71";"75,00";"75,00"
"TUW-200959-ref24";"75,00";"66,67";"54,55"
"TUW-200959-ref25";"88,89";"80,00";"72,73"
"TUW-200959-ref26";"60,00";"42,86";"37,50"
"TUW-200959-ref27";"100,00";"87,50";"87,50"
"TUW-201066-ref2";"54,00";"54,55";"46,43"
"TUW-201066-ref3";"83,33";"55,56";"55,56"
"TUW-201066-ref4";"88,89";"80,00";"80,00"
"TUW-201160-ref1";"36,51";"66,67";"34,44"
"TUW-201160-ref4";"83,33";"75,00";"75,00"
"TUW-201160-ref5";"87,50";"77,78";"77,78"
"TUW-201160-ref6";"88,89";"80,00";"80,00"
"TUW-201160-ref7";"88,89";"80,00";"80,00"
"TUW-201167-ref1";"85,71";"60,00";"60,00"
"TUW-201167-ref2";"100,00";"90,00";"90,00"
"TUW-201167-ref3";"88,89";"80,00";"72,73"
"TUW-201167-ref4";"88,89";"80,00";"72,73"
"TUW-201167-ref5";"34,00";"40,00";"29,76"
"TUW-201821-ref1";"100,00";"87,50";"87,50"
"TUW-201821-ref2";"100,00";"87,50";"87,50"
"TUW-201821-ref3";"85,71";"75,00";"75,00"
"TUW-201821-ref4";"26,67";"37,50";"25,71"
"TUW-201821-ref7";"40,91";"62,50";"38,89"
"TUW-201821-ref8";"66,67";"57,14";"57,14"
"TUW-201821-ref9";"66,67";"50,00";"50,00"
"TUW-201821-ref10";"88,89";"80,00";"80,00"
"TUW-201821-ref11";"88,89";"80,00";"80,00"
"TUW-201821-ref12";"80,00";"66,67";"66,67"
"TUW-201821-ref13";"18,75";"25,00";"18,52"
"TUW-201821-ref21";"71,43";"62,50";"62,50"
"TUW-201821-ref22";"71,43";"62,50";"62,50"
"TUW-201821-ref23";"83,33";"71,43";"71,43"
"TUW-201821-ref24";"71,43";"62,50";"62,50"
"TUW-202034-ref1";"60,00";"42,86";"42,86"
"TUW-202034-ref2";"100,00";"88,89";"88,89"
"TUW-202034-ref3";"80,00";"57,14";"57,14"
"TUW-202034-ref4";"100,00";"88,89";"88,89"
"TUW-202034-ref5";"100,00";"90,00";"90,00"
"TUW-202034-ref6";"80,00";"66,67";"57,14"
"TUW-202034-ref7";"100,00";"88,89";"88,89"
"TUW-202034-ref8";"60,00";"42,86";"37,50"
"TUW-202034-ref9";"100,00";"88,89";"88,89"
"TUW-202034-ref10";"100,00";"75,00";"75,00"
"TUW-202034-ref11";"85,71";"60,00";"60,00"
"TUW-202034-ref12";"100,00";"90,00";"90,00"
"TUW-202034-ref13";"100,00";"88,89";"88,89"
"TUW-202034-ref14";"83,33";"71,43";"62,50"
"TUW-202034-ref15";"100,00";"90,00";"90,00"
"TUW-202034-ref16";"100,00";"88,89";"88,89"
"TUW-202034-ref17";"60,00";"50,00";"42,86"
"TUW-202034-ref18";"60,00";"42,86";"37,50"
"TUW-202034-ref19";"100,00";"81,82";"81,82"
"TUW-202034-ref20";"100,00";"88,89";"88,89"
"TUW-202034-ref21";"60,00";"50,00";"42,86"
"TUW-202824-ref1";"93,75";"73,33";"74,00"
"TUW-202824-ref2";"100,00";"87,50";"87,50"
"TUW-202824-ref3";"100,00";"83,33";"83,33"
"TUW-202824-ref4";"42,86";"50,00";"33,33"
"TUW-203924-ref1";"100,00";"88,89";"88,89"
"TUW-203924-ref2";"100,00";"88,89";"88,89"
"TUW-203924-ref3";"50,00";"25,00";"20,00"
"TUW-203924-ref4";"50,00";"50,00";"40,00"
"TUW-203924-ref5";"50,00";"25,00";"20,00"
"TUW-203924-ref6";"57,14";"44,44";"44,44"
"TUW-203924-ref7";"100,00";"88,89";"88,89"
"TUW-203924-ref8";"33,33";"25,00";"16,67"
"TUW-203924-ref11";"87,50";"77,78";"77,78"
"TUW-203924-ref12";"100,00";"83,33";"83,33"
"TUW-203924-ref13";"85,71";"75,00";"66,67"
"TUW-203924-ref14";"99,13";"82,61";"82,61"
"TUW-203924-ref15";"75,00";"60,00";"50,00"
"TUW-203924-ref16";"97,62";"73,21";"73,21"
"TUW-203924-ref17";"66,67";"50,00";"40,00"
"TUW-203924-ref18";"50,00";"42,86";"37,50"
"TUW-203924-ref19";"50,00";"50,00";"40,00"
"TUW-203924-ref20";"100,00";"88,89";"88,89"
"TUW-203924-ref21";"50,00";"25,00";"20,00"
"TUW-203924-ref22";"87,50";"77,78";"77,78"
"TUW-205557-ref1";"41,67";"42,86";"33,33"
"TUW-205933-ref1";"66,67";"57,14";"50,00"
"TUW-205933-ref2";"100,00";"75,00";"75,00"
"TUW-205933-ref3";"57,14";"40,00";"36,36"
"TUW-205933-ref4";"66,67";"66,67";"50,00"
"TUW-205933-ref5";"100,00";"88,89";"88,89"
"TUW-205933-ref6";"100,00";"75,00";"75,00"
"TUW-205933-ref8";"80,00";"50,00";"50,00"
"TUW-205933-ref9";"40,00";"40,00";"28,57"
"TUW-205933-ref10";"60,00";"60,00";"42,86"
"TUW-205933-ref11";"40,00";"33,33";"28,57"
"TUW-205933-ref12";"33,33";"40,00";"25,00"
"TUW-213513-ref1";"38,52";"57,14";"33,06"
"TUW-216744-ref1";"75,00";"66,67";"66,67"
"TUW-216744-ref2";"87,50";"77,78";"77,78"
"TUW-216744-ref3";"87,50";"77,78";"77,78"
"TUW-216744-ref4";"75,00";"66,67";"66,67"
"TUW-216744-ref5";"75,00";"66,67";"66,67"
"TUW-216744-ref6";"80,00";"66,67";"66,67"
"TUW-216744-ref7";"87,50";"77,78";"77,78"
"TUW-216744-ref8";"85,71";"75,00";"75,00"
"TUW-216744-ref9";"87,50";"77,78";"77,78"
"TUW-216744-ref10";"87,50";"77,78";"77,78"
"TUW-216744-ref11";"89,06";"79,37";"79,26"
"TUW-216744-ref12";"87,50";"77,78";"77,78"
"TUW-216744-ref13";"50,00";"40,00";"28,57"
"TUW-216744-ref14";"85,71";"75,00";"75,00"
"TUW-216744-ref15";"75,00";"66,67";"66,67"
"TUW-216744-ref16";"57,14";"57,14";"50,00"
"TUW-216744-ref17";"87,50";"77,78";"77,78"
"TUW-216744-ref18";"75,00";"60,00";"60,00"
"TUW-217690-ref1";"100,00";"83,33";"83,33"
"TUW-217690-ref2";"100,00";"77,78";"77,78"
"TUW-217971-ref1";"75,00";"42,86";"42,86"
"TUW-217971-ref2";"50,00";"42,86";"37,50"
"TUW-217971-ref3";"83,33";"71,43";"62,50"
"TUW-217971-ref4";"83,33";"71,43";"62,50"
"TUW-217971-ref5";"85,71";"75,00";"66,67"
"TUW-217971-ref6";"100,00";"85,71";"85,71"
"TUW-217971-ref7";"100,00";"77,78";"77,78"
"TUW-217971-ref8";"100,00";"88,89";"88,89"
"TUW-217971-ref9";"50,00";"42,86";"37,50"
"TUW-217971-ref10";"100,00";"87,50";"87,50"
"TUW-221215-ref1";"100,00";"90,00";"90,00"
"TUW-221215-ref2";"100,00";"80,00";"80,00"
"TUW-221215-ref3";"83,33";"62,50";"62,50"
"TUW-221215-ref4";"100,00";"88,89";"88,89"
"TUW-221215-ref5";"100,00";"90,00";"90,00"
"TUW-221215-ref6";"100,00";"90,00";"90,00"
"TUW-221215-ref7";"100,00";"80,00";"80,00"
"TUW-221215-ref8";"100,00";"87,50";"87,50"
"TUW-221215-ref9";"100,00";"87,50";"87,50"
"TUW-221215-ref10";"100,00";"88,89";"88,89"
"TUW-221215-ref11";"40,00";"28,57";"22,22"
"TUW-221215-ref12";"85,71";"66,67";"66,67"
"TUW-221215-ref13";"100,00";"90,00";"90,00"
"TUW-221215-ref14";"100,00";"80,00";"80,00"
"TUW-221215-ref15";"100,00";"90,00";"90,00"
"TUW-221215-ref16";"100,00";"90,00";"90,00"
"TUW-221215-ref17";"60,00";"42,86";"37,50"
"TUW-221215-ref18";"80,00";"66,67";"57,14"
"TUW-221215-ref19";"100,00";"80,00";"80,00"
"TUW-221215-ref20";"100,00";"85,00";"86,67"
"TUW-221215-ref21";"75,00";"66,67";"60,00"
"TUW-221215-ref22";"100,00";"83,33";"83,33"
"TUW-221215-ref23";"100,00";"72,22";"74,07"
"TUW-221215-ref24";"100,00";"75,00";"77,78"
"TUW-221215-ref25";"100,00";"87,50";"87,50"
"TUW-221215-ref26";"100,00";"90,00";"90,00"
"TUW-221215-ref27";"100,00";"88,89";"88,89"
"TUW-221215-ref28";"85,71";"66,67";"66,67"
"TUW-221215-ref29";"100,00";"72,73";"72,73"
"TUW-221215-ref30";"100,00";"90,00";"90,00"
"TUW-221215-ref31";"100,00";"90,00";"90,00"
"TUW-221215-ref32";"50,00";"37,50";"33,33"
"TUW-221215-ref33";"100,00";"90,00";"90,00"
"TUW-221215-ref34";"100,00";"80,00";"80,00"
"TUW-221215-ref35";"85,71";"60,00";"60,00"
"TUW-221215-ref36";"100,00";"90,00";"90,00"
"TUW-221215-ref37";"100,00";"75,00";"76,67"
"TUW-221215-ref38";"75,00";"42,86";"37,50"
"TUW-221215-ref39";"85,71";"55,00";"56,67"
"TUW-221215-ref40";"66,67";"30,00";"27,78"
"TUW-221215-ref41";"100,00";"90,00";"90,00"
"TUW-221215-ref42";"83,33";"56,25";"58,33"
"TUW-221215-ref43";"83,33";"62,50";"62,50"
"TUW-221215-ref44";"100,00";"90,00";"90,00"
"TUW-221215-ref45";"66,67";"63,64";"61,82"
"TUW-223906-ref1";"85,71";"75,00";"75,00"
"TUW-223906-ref2";"87,50";"77,78";"77,78"
"TUW-223906-ref3";"87,50";"77,78";"77,78"
"TUW-223906-ref4";"50,00";"33,33";"33,33"
"TUW-223906-ref5";"50,00";"33,33";"33,33"
"TUW-223973-ref3";"38,89";"66,67";"36,67"
"TUW-223973-ref4";"50,00";"25,00";"22,22"
"TUW-223973-ref5";"87,50";"70,00";"70,00"
"TUW-223973-ref6";"25,00";"14,29";"12,50"
"TUW-223973-ref7";"88,89";"80,00";"80,00"
"TUW-223973-ref15";"63,64";"77,78";"58,33"
"TUW-223973-ref20";"16,15";"28,57";"16,02"
"TUW-223973-ref21";"77,78";"58,33";"58,33"
"TUW-223973-ref22";"83,33";"62,50";"62,50"
"TUW-223973-ref23";"75,00";"54,55";"54,55"
"TUW-225252-ref1";"100,00";"80,00";"80,00"
"TUW-225252-ref2";"100,00";"87,50";"87,50"
"TUW-225252-ref3";"32,00";"44,44";"30,30"
"TUW-226000-ref1";"100,00";"87,50";"87,50"
"TUW-226000-ref2";"87,50";"77,78";"77,78"
"TUW-226000-ref3";"66,67";"40,00";"40,00"
"TUW-226000-ref4";"60,00";"42,86";"37,50"
"TUW-226000-ref5";"60,00";"42,86";"37,50"
"TUW-226000-ref6";"60,00";"42,86";"37,50"
"TUW-226000-ref7";"75,00";"42,86";"42,86"
"TUW-226000-ref8";"100,00";"81,82";"81,82"
"TUW-226000-ref9";"40,00";"33,33";"28,57"
"TUW-226000-ref10";"100,00";"88,89";"88,89"
"TUW-226000-ref11";"100,00";"75,00";"75,00"
"TUW-226000-ref12";"58,33";"32,14";"28,57"
"TUW-226000-ref14";"50,00";"28,57";"28,57"
"TUW-226016-ref1";"83,33";"71,43";"71,43"
"TUW-226016-ref2";"50,00";"40,00";"33,33"
"TUW-226016-ref3";"92,00";"71,43";"67,86"
"TUW-226016-ref4";"100,00";"88,89";"88,89"
"TUW-226016-ref5";"75,00";"65,63";"58,33"
"TUW-226016-ref6";"83,33";"71,43";"62,50"
"TUW-226016-ref7";"66,67";"57,14";"50,00"
"TUW-226016-ref8";"83,33";"71,43";"62,50"
"TUW-226016-ref9";"85,71";"75,00";"66,67"
"TUW-226016-ref10";"85,71";"75,00";"66,67"
"TUW-226016-ref11";"85,71";"75,00";"66,67"
"TUW-226016-ref12";"85,71";"75,00";"66,67"
"TUW-226016-ref13";"70,00";"58,33";"50,00"
"TUW-226016-ref14";"85,71";"75,00";"66,67"
"TUW-226016-ref15";"100,00";"83,33";"83,33"
"TUW-226016-ref16";"83,33";"71,43";"62,50"
"TUW-226016-ref17";"85,71";"75,00";"66,67"
"TUW-226016-ref18";"100,00";"83,33";"83,33"
"TUW-226016-ref19";"100,00";"83,33";"83,33"
"TUW-226016-ref20";"100,00";"85,71";"85,71"
"TUW-226016-ref21";"83,33";"83,33";"71,43"
"TUW-226016-ref22";"65,00";"60,00";"45,83"
"TUW-226016-ref23";"80,00";"66,67";"57,14"
"TUW-226016-ref24";"83,33";"71,43";"62,50"
"TUW-226016-ref25";"100,00";"83,33";"83,33"
"TUW-226016-ref26";"85,71";"75,00";"66,67"
"TUW-226016-ref27";"40,00";"40,00";"28,57"
"TUW-228620-ref11";"0,00";"0,00";"0,00"
"TUW-228620-ref16";"0,00";"0,00";"0,00"
"TUW-233317-ref1";"100,00";"72,73";"72,73"
"TUW-233317-ref2";"66,67";"57,14";"50,00"
"TUW-233317-ref3";"87,50";"63,64";"63,64"
"TUW-233317-ref4";"100,00";"77,78";"77,78"
"TUW-233317-ref5";"85,71";"66,67";"66,67"
"TUW-233317-ref6";"100,00";"80,00";"80,00"
"TUW-233317-ref7";"100,00";"90,00";"90,00"
"TUW-233317-ref8";"100,00";"80,00";"80,00"
"TUW-233317-ref9";"77,78";"63,64";"58,33"
"TUW-233317-ref10";"100,00";"77,78";"77,78"
"TUW-233317-ref11";"100,00";"90,00";"90,00"
"TUW-233317-ref12";"100,00";"71,43";"71,43"
"TUW-233317-ref13";"100,00";"80,00";"80,00"
"TUW-233317-ref14";"100,00";"90,00";"90,00"
"TUW-233657-ref1";"80,00";"50,00";"50,00"
"TUW-233657-ref2";"100,00";"80,00";"80,00"
"TUW-233657-ref3";"100,00";"88,89";"88,89"
"TUW-233657-ref4";"40,00";"22,22";"20,00"
"TUW-233657-ref5";"75,00";"50,00";"50,00"
"TUW-233657-ref6";"100,00";"88,89";"88,89"
"TUW-233657-ref7";"100,00";"70,00";"70,00"
"TUW-233657-ref8";"88,89";"80,00";"80,00"
"TUW-233657-ref9";"88,89";"80,00";"80,00"
"TUW-233657-ref10";"100,00";"90,00";"90,00"
"TUW-233657-ref11";"77,78";"70,00";"70,00"
"TUW-233657-ref12";"83,33";"71,43";"62,50"
"TUW-233657-ref13";"100,00";"75,00";"75,00"
"TUW-236063-ref1";"66,67";"57,14";"50,00"
"TUW-236063-ref2";"80,00";"57,14";"57,14"
"TUW-236063-ref4";"80,00";"57,14";"50,00"
"TUW-236120-ref3";"42,86";"42,86";"37,50"
"TUW-236120-ref5";"66,67";"50,00";"44,44"
"TUW-236120-ref8";"6,25";"11,11";"5,56"
"TUW-236120-ref12";"33,33";"28,57";"22,22"
"TUW-236120-ref15";"50,00";"33,33";"28,57"
"TUW-236120-ref16";"50,00";"33,33";"28,57"
"TUW-236120-ref18";"50,00";"33,33";"28,57"
"TUW-236120-ref19";"40,00";"28,57";"25,00"
"TUW-237297-ref1";"83,33";"71,43";"62,50"
"TUW-237297-ref2";"66,67";"57,14";"50,00"
"TUW-237297-ref3";"71,43";"50,00";"50,00"
"TUW-237297-ref4";"75,00";"66,67";"60,00"
"TUW-237297-ref6";"100,00";"90,00";"90,00"
"TUW-237297-ref8";"71,43";"50,00";"50,00"
"TUW-240858-ref1";"100,00";"71,43";"71,43"
"TUW-240858-ref2";"95,83";"85,19";"85,19"
"TUW-240858-ref3";"95,83";"85,19";"85,19"
"TUW-240858-ref5";"50,79";"50,00";"42,98"
"TUW-240858-ref6";"71,43";"62,50";"62,50"
"TUW-240858-ref7";"50,00";"33,33";"28,57"
"TUW-240858-ref8";"25,38";"50,00";"24,55"
"TUW-240858-ref11";"71,43";"62,50";"62,50"
"TUW-240858-ref12";"25,00";"37,50";"24,00"
"TUW-245799-ref1";"100,00";"71,43";"71,43"
"TUW-245799-ref2";"100,00";"81,82";"81,82"
"TUW-245799-ref3";"66,67";"58,33";"48,57"
"TUW-245799-ref4";"80,00";"57,14";"57,14"
"TUW-245799-ref5";"87,50";"70,00";"70,00"
"TUW-245799-ref6";"80,00";"57,14";"50,00"
"TUW-245799-ref7";"37,50";"35,71";"26,67"
"TUW-247301-ref1";"95,83";"85,19";"85,19"
"TUW-247301-ref2";"65,45";"77,78";"60,96"
"TUW-247301-ref5";"60,00";"42,86";"42,86"
"TUW-247301-ref6";"71,43";"62,50";"62,50"
"TUW-247301-ref7";"71,43";"62,50";"62,50"
"TUW-247741-ref1";"95,83";"71,88";"71,88"
"TUW-247741-ref2";"85,71";"75,00";"75,00"
"TUW-247741-ref3";"85,71";"75,00";"75,00"
"TUW-247741-ref4";"85,71";"75,00";"75,00"
"TUW-247741-ref5";"75,00";"66,67";"66,67"
"TUW-247741-ref6";"75,00";"66,67";"66,67"
"TUW-247741-ref7";"87,50";"77,78";"77,78"
"TUW-247741-ref8";"80,00";"66,67";"66,67"
"TUW-247741-ref9";"80,00";"66,67";"66,67"
"TUW-247741-ref10";"60,00";"37,50";"37,50"
"TUW-247741-ref11";"87,50";"77,78";"77,78"
"TUW-247741-ref12";"87,50";"77,78";"77,78"
"TUW-247741-ref13";"77,78";"70,00";"70,00"
"TUW-247741-ref14";"75,00";"66,67";"66,67"
"TUW-247741-ref15";"66,67";"44,44";"40,00"
"TUW-247741-ref16";"40,00";"33,33";"28,57"
"TUW-247741-ref17";"40,00";"25,00";"22,22"
"TUW-247741-ref18";"88,89";"72,73";"72,73"
"TUW-247741-ref19";"83,33";"55,56";"55,56"
"TUW-247743-ref1";"100,00";"70,00";"70,00"
"TUW-247743-ref2";"100,00";"60,00";"60,00"
"TUW-247743-ref3";"83,33";"62,50";"55,56"
"TUW-247743-ref4";"100,00";"62,50";"62,50"
"TUW-247743-ref5";"100,00";"60,00";"60,00"
"TUW-247743-ref6";"75,00";"42,86";"37,50"
"TUW-247743-ref7";"83,33";"71,43";"71,43"
"TUW-247743-ref8";"71,43";"50,00";"50,00"
"TUW-247743-ref9";"100,00";"85,71";"85,71"
"TUW-247743-ref10";"66,67";"50,00";"40,00"
"TUW-247743-ref11";"83,33";"62,50";"55,56"
"TUW-247743-ref12";"100,00";"70,00";"70,00"
"TUW-247743-ref13";"100,00";"66,67";"66,67"
"TUW-247743-ref17";"80,00";"57,14";"57,14"
"TUW-247743-ref18";"83,33";"62,50";"62,50"
"TUW-247743-ref19";"85,71";"66,67";"66,67"
"TUW-247743-ref20";"50,00";"33,33";"30,00"
"TUW-247743-ref21";"80,00";"50,00";"50,00"
"TUW-251544-ref1";"71,43";"50,00";"50,00"
"TUW-251544-ref4";"57,14";"44,44";"44,44"
"TUW-251544-ref6";"80,00";"66,67";"66,67"
"TUW-251544-ref7";"33,33";"14,29";"14,29"
"TUW-251544-ref8";"25,00";"12,50";"11,11"
"TUW-251544-ref10";"33,33";"20,00";"16,67"
"TUW-251544-ref11";"80,00";"66,67";"66,67"
"TUW-252847-ref1";"100,00";"90,00";"90,00"
"TUW-252847-ref2";"100,00";"90,00";"90,00"
"TUW-252847-ref3";"88,89";"88,89";"80,00"
"TUW-252847-ref4";"100,00";"87,50";"87,50"
"TUW-252847-ref5";"60,00";"50,00";"42,86"
"TUW-252847-ref6";"100,00";"87,50";"87,50"
"TUW-252847-ref7";"100,00";"90,00";"90,00"
"TUW-252847-ref8";"100,00";"87,50";"87,50"
"TUW-252847-ref9";"100,00";"87,50";"87,50"
"TUW-252847-ref10";"100,00";"87,50";"87,50"
"TUW-252847-ref11";"100,00";"87,50";"87,50"
"TUW-252847-ref12";"100,00";"71,43";"71,43"
"TUW-252847-ref13";"96,67";"69,05";"69,05"
"TUW-252847-ref14";"96,67";"69,05";"69,05"
"TUW-252847-ref15";"100,00";"83,33";"83,33"
"TUW-252847-ref16";"97,22";"72,92";"72,92"
"TUW-252847-ref17";"97,14";"75,56";"75,56"
"TUW-252847-ref18";"100,00";"83,33";"83,33"
"TUW-255712-ref25";"75,00";"60,00";"60,00"
"TUW-257397-ref1";"100,00";"90,00";"90,00"
"TUW-257397-ref2";"100,00";"88,89";"88,89"
"TUW-257397-ref3";"100,00";"90,00";"90,00"
"TUW-257397-ref4";"100,00";"83,33";"83,33"
"TUW-257397-ref5";"100,00";"77,78";"77,78"
"TUW-257397-ref6";"100,00";"81,82";"81,82"
"TUW-257397-ref8";"53,41";"54,55";"49,44"
"TUW-257397-ref9";"80,00";"72,73";"72,73"
"TUW-257397-ref10";"87,50";"77,78";"77,78"
"TUW-257397-ref11";"71,43";"55,56";"55,56"
"TUW-257397-ref12";"90,00";"81,82";"81,82"
"TUW-257397-ref14";"58,44";"63,64";"50,77"
"TUW-257397-ref16";"66,67";"58,33";"52,31"
"TUW-257397-ref19";"46,67";"55,56";"39,39"
"TUW-257397-ref21";"42,42";"45,45";"36,92"
"TUW-257397-ref23";"66,67";"77,78";"61,82"
"TUW-257397-ref24";"90,00";"81,82";"81,82"
"TUW-257397-ref25";"88,89";"80,00";"80,00"
"TUW-257397-ref26";"85,71";"60,00";"60,00"
"TUW-257397-ref27";"83,33";"41,67";"41,67"
"TUW-257397-ref28";"87,50";"63,64";"63,64"
"TUW-257397-ref29";"88,89";"72,73";"72,73"
"TUW-257870-ref2";"70,00";"70,00";"63,64"
"TUW-257870-ref3";"70,00";"63,64";"58,33"
"Average";"78,71";"65,67";"63,44"
